Token Name,Token Code,News Title,News URL,news
Gluwa Credit,G-CRE,Gluwa (@Gluwa) / X,https://twitter.com/gluwa?lang=en,Big news! The @Creditcoin explorer is officially live! Get ready for exciting ... Gluwa is empowering financial inclusion with. @Azure. In. @Microsoft. 's¬†...
Gluwa Credit,G-CRE,Gluwa,https://gluwa.com/,"Now, you can invest in exciting fintechs driving financial inclusion, all whilst earning yields of up to 20% APR. Underpinning all of this is the Creditcoin¬†..."
Gluwa Credit,G-CRE,Gluwa Pushing for Crypto Policy Framework in Collaboration With ...,https://cryptonews.net/news/legal/20853993/,"Apr 20, 2023 ... As of now, Gluwa has created the first blockchain-based credit ... Download the Crypto News app and get news about crypto and blockchain from¬†..."
Dai Stableco,DAI,"Stablecoins: Definition, How They Work, and Types",https://www.investopedia.com/terms/s/stablecoin.asp,"For example, MakerDAO's Dai (DAI) stablecoin is pegged to the U.S. dollar ... News ¬∑ Privacy Policy ¬∑ Contact Us ¬∑ Careers; Your Privacy Choices. # ¬∑ A ¬∑ B ¬∑ C¬†..."
Dai Stableco,DAI,Stablecoins See Positive Supply Growth For First Time in More Than ...,https://cryptonews.com/news/stablecoins-see-positive-supply-growth-for-first-time-in-more-than-a-year-glassnode-data.htm,"Nov 15, 2023 ... Cryptonews Altcoin News Stablecoins See Positive Supply Growth For ... (DAI), has turned noticeably positive, marking first such instance¬†..."
Dai Stableco,DAI,SwapRouter | Address ...,https://goerli.etherscan.io/address/0xe592427a0aece92de3edee1f18e0157c05861564,"... News visit cointelgraph.live to CLAIM ¬∑ CYBERX (CYBERX). 100 CYBERX ¬∑ DAI (DAI). 9.32915686 DAI ¬∑ Dai (DAI). 13,475,644,806,504.2 DAI ¬∑ Dai Stableco... (DAI)."
Compound USD,cUSDC,"Investigational compound remdesivir, developed by UAB and NIH ...",https://www.uab.edu/news/health/item/11082-investigational-compound-remdesivir-developed-by-uab-and-nih-researchers-being-used-for-treatment-of-novel-coronavirus,"Feb 7, 2020 ... Investigational compound remdesivir, developed by UAB and NIH researchers, being used for treatment of novel¬†..."
Compound USD,cUSDC,"Compound USD Coin CUSDC Price, Live Charts, and News in ...",https://www.coinbase.com/price/compound-usd-coin,"Get the latest price, news, live charts, and market trends about Compound USD Coin. The current price of Compound USD Coin in¬†..."
Compound USD,cUSDC,States threaten crackdown on copycat versions of Ozempic and ...,https://www.nbcnews.com/health/health-news/ozempic-wegovy-weight-loss-compounded-crackdowns-rcna82405,"May 3, 2023 ... ... News that the warnings do not mean compounding semaglutide is banned. ... used for scientific research but not intended¬†..."
Sai Stableco,SAI,Review of carbon dioxide utilization technologies and their potential ...,https://www.sciencedirect.com/science/article/pii/S2212982022003584,"„Äàhttps://www.aramco.com/en/news-media/news/2016/acquires-novomers-polyol ... Sai Prasad, J.W. Bae, K.W. Jun, K.W. Lee. Fischer‚ÄìTropsch synthesis by carbon¬†..."
Sai Stableco,SAI,bneiluj.eth | Address ...,https://etherscan.io/address/0xa7499aa6464c078eeb940da2fc95c6acd010c3cc,Sai Stableco... (SAI). 0.4199 SAI. $5.10. @12.15 ¬∑ YFI. yearn.financ... (YFI) ... rekt.news - hacks &amp;amp; hopium. RHH. x2ERC-721 ¬∑ SeoulStars. SeoulStars.
Sai Stableco,SAI,Build a Decentralized Lending App With Compound | by Tai | ICOVO ...,https://medium.com/icovo/build-a-decentralized-lending-app-with-compound-ede3c17adcc1,"Dec 1, 2019 ... The goal of this post is to build a simple application that lends Sai and withdraws it with interests. You can see the finished code here."
Aave Token,AAVE,Aave - Open Source Liquidity Protocol,https://aave.com/,Aave is an Open Source Protocol to create Non-Custodial Liquidity Markets to earn interest on supplying and borrowing assets with a variable or stable¬†...
Aave Token,AAVE,Aave Protocol (@aaveaave) / X,https://twitter.com/aaveaave?lang=en,"All things Aave Protocol. Joined November 2023. 4 Following ¬∑ 1,855 Followers ¬∑ Posts ¬∑ Replies ¬∑ Media ¬∑ Likes. Aave Protocol's posts. Pinned."
Aave Token,AAVE,"Aave price today, AAVE to USD live price, marketcap and chart ...",https://coinmarketcap.com/currencies/aave/,Aave is a decentralized finance protocol that allows people to lend and borrow crypto. Lenders earn interest by depositing digital assets into specially¬†...
SushiToken,SUSHI,Sushi.com (@SushiSwap) / X,https://twitter.com/sushiswap?lang=en,Chefs from all rollups will benefit from unified liquidity across Ethereum. https://news.omni.network/sushi-integrates-with-the-open-liquidity-network/‚Ä¶ 11. 28.
SushiToken,SUSHI,Sushi,https://www.sushi.com/,"A Decentralised Finance (DeFi) app with features such as swap, cross chain swap, streaming, vesting, and permissionless market making for liquidity¬†..."
SushiToken,SUSHI,"SushiSwap SUSHI Price, Live Charts, and News in United States",https://www.coinbase.com/price/sushiswap,The price of SushiSwap has decreased by 0.06% in the last hour and increased by 2.19% in the past 24 hours. SushiSwap's price has also risen by 4.91% in the¬†...
EthereumMax,eMax,EthereumMax (@ethereum_max) / X,https://twitter.com/ethereum_max?lang=en,"EthereumMax ‚ú™'s posts. Pinned ... Join the exclusive early access newsletter & get real-time alerts for project updates, events, exclusive offers, news, & more!"
EthereumMax,eMax,EthereumMax: Disrupt History,https://ethereummax.org/,EMAX Treasury. Arbitrum 0x5EA06A2bE857D35D5E545b2bF54b2d387bB8B4bA ; Contract Address. Mainnet Layer 1 0x15874d65e649880c2614e7a480cb7c9A55787FF6 ; EMAX Expense¬†...
EthereumMax,eMax,What Is EthereumMax? Inside the Crypto Kim Kardashian Lost $1.2 ...,https://www.coindesk.com/business/2022/10/03/what-is-ethereummax-inside-the-crypto-kim-kardashian-lost-12m-promoting/,"Oct 3, 2022 ... EthereumMax and the EMAX token won investors over with big promises and flashy names. ... The leader in news and information on cryptocurrency,¬†..."
1INCH Token,1INCH,1inch Network | Leading high capital efficient DeFi protocols,https://1inch.io/,1INCH token. A token that facilitates 1inch protocol governance and participation in the network's evolution. 1INCH token. Learn more¬†...
1INCH Token,1INCH,1inch Network (@1inch) / X,https://twitter.com/1inch?lang=en,"1/ ‚ö°Ô∏è Exciting news for #1inchWallet users on #Android! Update 1.20 brings ... Integration When selecting and using 1inch for token swaps on Velvet, you¬†..."
1INCH Token,1INCH,1inch Network Blog,https://blog.1inch.io/,"1inch Network Blog | Web 3, DeFi & Crypto news. Products. dApp Wallet ... 1inch DAO 1INCH token Forum. Support. Help center Press room Bug report by Hacker one."
Maker,MKR,Maker News DIY Projects for Makers - Make: DIY Projects and Ideas ...,https://makezine.com/category/maker-news/,Maker News ¬∑ Join Our Live Stream To See Maker Fashion At New York Fashion Week ¬∑ Review: Acmer Laser A2 IR Laser Module ¬∑ Making Blender Do Things That CAD Can¬†...
Maker,MKR,"GameMaker Blog: News, Articles & Expert Tutorials | GameMaker",https://gamemaker.io/en/blog,"Visit the GameMaker blog for all the latest news and announcements. Learn how to use GameMaker, catch up on the latest updates, and learn about game¬†..."
Maker,MKR,"Family Tree Maker News, Offers and Other Emails",https://support.mackiev.com/078081-Family-Tree-Maker-News-Offers-and-Other-Emails,"Sep 21, 2020 ... Family Tree Maker News, Offers and Other Emails ¬∑ Newsletters and special offers: ftm-news @ mackiev.com ¬∑ Live chat transcripts and support¬†..."
Synthetix Ne,SNX,Synthetix,https://synthetix.io/,"Synthetix is a derivatives liquidity protocol providing the backbone for derivatives trading in DeFi, allowing anyone, anywhere to gain on-chain exposure to¬†..."
Synthetix Ne,SNX,Synthetix Deploys First Major Perpetuals Protocol on Base Mainne ...,https://panhandle.newschannelnebraska.com/story/50378467/synthetix-deploys-first-major-perpetuals-protocol-on-base-mainnet-marking-the-completion-of-the-synthetix-v3-upgrade,"Jan 24, 2024 ... Synthetix is a leading crypto derivatives markets ecosystem powered by the Synthetix protocol. ... PANHANDLE - NEWS CHANNEL NEBRASKA. KSID-FM KSID¬†..."
Synthetix Ne,SNX,Synthetix ‚öîÔ∏è (@synthetix_io) / X,https://twitter.com/synthetix_io?lang=en,"A new financial primitive enabling the creation of synthetic assets, offering unique derivatives and exposure to real-world assets on the blockchain. #DeFi."
Curve DAO To,CRV,Curve Finance (@CurveFinance) / X,https://twitter.com/curvefinance?lang=en,... Curve crvUSD stableswap LPs that earn up to 18.61% APY at current rates. See ... DL News ¬∑ @DLNewsInfo. ¬∑. Feb 2. How Conic Finance drew $26m in just three days¬†...
Curve DAO To,CRV,Curve DAO Price Prediction 2023: What is Curve DAO (CRV)?,https://www.ccn.com/curve-dao-crv-price-prediction/,"Oct 13, 2023 ... Curve DAO price predictions suggest the CRV token can reach $1.06 this year and $1.83 in 2025. To find out more, read on."
Curve DAO To,CRV,Curve DAO agrees to $44m compensation for July hack victims ‚Äì DL ...,https://www.dlnews.com/articles/defi/curve-votes-44-million-usd-in-crv-tokens-for-lp-hack-victims/,"Dec 22, 2023 ... Conversely, their compensation may end up eclipsing initial losses if CRV experiences a price rally. Disclaimer: The two co-founders of DL News¬†..."
Compound Eth,cETH,Compound,https://compound.finance/,"Compound is an algorithmic, autonomous interest rate protocol built for developers, to unlock a universe of open financial applications."
Compound Eth,cETH,Compound becomes latest DeFi protocol to go live on Base | The ...,https://www.theblock.co/post/244921/compound-defi-base,"Aug 15, 2023 ... DeFi lending platform Compound is the latest protocol to launch on Coinbase's new Ethereum Layer 2 network Base."
Compound Eth,cETH,Morpho unseats Compound to become second-biggest DeFi lender ...,https://www.dlnews.com/articles/defi/morpho-flips-compound-as-defi-lender-on-ethereum/,2 days ago ... Ryan Celaj is DL News' New York-based Data Correspondent. Reach out with tips at ryan@dlnews.com. Related Topics. MORPHOETHEREUMAAVECOMPOUND¬†...
hoge.finance,HOGE,$HOGE,https://www.reddit.com/r/hoge/,HOGE Finance : Official Update Report. Upvote 8. Downvote 2 comments ... Report. News ¬∑ No news long time ¬∑ QUESTION. Upvote 12. Downvote 6 comments. Share¬†...
hoge.finance,HOGE,HOGE (@HogeFinance) / X,https://twitter.com/hogefinance?lang=en,A deflationary auto-rewarding unchangeable smart contract that provides a blockchain built DeFi sandbox for everyone to meme the business eternally.
hoge.finance,HOGE,"Hoge Finance (HOGE) Price Today, News & Live Chart | Forbes ...",https://www.forbes.com/digital-assets/assets/hoge-finance-hoge/,"Browse the latest Hoge Finance (HOGE) cryptocurrency news, research, and analysis. Stay informed on Hoge Finance prices within the cryptocurrency market."
Immutable X,IMX,Immutable (@Immutable) / X,https://twitter.com/Immutable,Immutable is the leading platform for building web3 games on Ethereum. Powering the next generation of web3 games #onImmutable https://t.co/nTJWjmsagX.
Immutable X,IMX,"Immutable Blog | Immutable updates, announcements and sneak ...",https://www.immutable.com/blog,"Read the latest web3 stories and news from Immutable, including updates, announcements and sneak peeks ... Immutable X. Optimized game-specific ZK-rollup."
Immutable X,IMX,Immutable X Price Prediction 2024 | CCN.com,https://www.ccn.com/analysis/immutablex-imx-price-prediction/,8 days ago ... Can IMX cash in on this news? One Immutable X price prediction says it can reach $6.89 next year. Billed as a Web3 gaming platform to power NFTs¬†...
Merchant Tok,MTO,TikTok Struggles to Enlist U.S. Merchants for Shopping Service ...,https://www.theinformation.com/articles/tiktok-struggles-to-enlist-u-s-merchants-for-shopping-service,"Apr 10, 2023 ... TikTok Shop is so far barring foreign merchants from selling in the U.S. ‚Ä¢ As of last month, fewer than 100 U.S. sellers were selling on TikTok¬†..."
Merchant Tok,MTO,TikTok Ban Threat Scares Off US Merchants - PYMNTS.com,https://www.pymnts.com/news/retail/2023/tiktok-ban-threat-scares-off-u-s-merchants/,"Apr 10, 2023 ... This latest news comes on the heels of reports last week that ad spending on TikTok had grown by 11% despite the threat of government action by¬†..."
Merchant Tok,MTO,"Trader Joe's sold out of kimbap, its latest viral offering, thanks to TikTok",https://www.nbcnews.com/news/asian-america/trader-joes-kimbap-tiktok-rcna103403,"Sep 6, 2023 ... This is great news for a more authentic Korean experience through a Korean grocer like H Mart to really benefit off of something that Trader¬†..."
yearn.financ,YFI,Yearn Finance says faulty script wiped out $1.4 million from treasury ...,https://www.theblock.co/post/267483/yearn-finance-says-faulty-script-wiped-out-63-of-treasury,"Dec 13, 2023 ... Keep up with the latest news, trends, charts and views on crypto and DeFi with a new biweekly newsletter from The Block's Frank Chaparro. By¬†..."
yearn.financ,YFI,"yearn.finance (YFI) Price Today, News & Live Chart | Forbes Crypto ...",https://www.forbes.com/digital-assets/assets/yearn.finance-yfi/,Learn what yearn.finance (YFI) cryptocurrency is and today's market price. Confidently invest in cryptocurrency with current and historical yearn.finance¬†...
yearn.financ,YFI,Did Yearn Finance insiders dump on holders? Not really ‚Äì DL News,https://www.dlnews.com/articles/defi/yearn-finance-token-craters-after-dydx-market-manipulation/,"Nov 21, 2023 ... Numerous traders attributed the YFI token drop to a potential rug pull by insiders at Yearn Finance. But that wasn't the case."
Balancer,BAL,Balancer Labs (@balancerlabs) / X,https://twitter.com/balancerlabs?lang=en,Balancer Labs contributes to @Balancer Protocol Join Discord: https://t.co/XgH37DKe8h.
Balancer,BAL,Balancer Depositors Pull Nearly $100M in Crypto After Vulnerability ...,https://www.coindesk.com/markets/2023/08/22/balancer-depositors-pull-nearly-100m-in-crypto-after-vulnerability-warning/,"Aug 22, 2023 ... Balancer, which supports trading of ether and other tokens with user ... The leader in news and information on cryptocurrency, digital assets¬†..."
Balancer,BAL,Balancer DeFi Liquidity Protocol,https://balancer.fi/,"Build DeFi liquidity: Applications, integrations, pools and incentives."
Illuvium,ILV,News - Illuvium,https://illuvium.io/news,"Illuvium, the world's first IBG (Interoperable Blockchain Game) is an upcoming open-world exploration, NFT creature collector and autobattler game built on¬†..."
Illuvium,ILV,Illuvium (@illuviumio) / X,https://twitter.com/illuviumio,"Official account for Illuvium Game Studio | Explore, Capture, Collect and Fight for ETH in the Illuvium Universe. Linktree: https://t.co/GLZBWsL36X."
Illuvium,ILV,Illuvium,https://illuvium.io/,"Illuvium, the world's first IBG (Interoperable Blockchain Game) is an upcoming open-world exploration, NFT creature collector and autobattler game built on¬†..."
HyperDao,HDAO,HyperDAO Official (@Hdao_Official) / X,https://twitter.com/Hdao_Official,"... consensus. HyperDAO Embrace the New Age of Decentralization. Image. 2. 259 ¬∑ HyperDAO Official ¬∑ @Hdao_Official. ¬∑. Nov 21, 2023. HyperDAO Daily News ‚úç ."
HyperDao,HDAO,"HyperDAO HDAO Price, Live Charts, and News in United States",https://www.coinbase.com/price/hyperdao,"Get the latest price, news, live charts, and market trends about HyperDAO. The current price of HyperDAO in United States is $0.000230 per (HDAO / USD)"
HyperDao,HDAO,"HyperDAO (HDAO) Price Today, News & Live Chart | Forbes Crypto ...",https://www.forbes.com/digital-assets/assets/hyperdao-hdao/,Learn what HyperDAO (HDAO) cryptocurrency is and today's market price. Confidently invest in cryptocurrency with current and historical HyperDAO market¬†...
StargateToke,STG,Technical Analysis of Wrapped Ether / StargateToken ...,https://www.tradingview.com/symbols/WETHSTG/technicals/?exchange=UNISWAP3ETH,Overview News Ideas. Technicals. Markets. WETHSTG technical analysis. This gauge displays a real-time technical analysis overview for your selected timeframe¬†...
StargateToke,STG,Stargate Finance ‚Äì STG Utilization: Fee Reduction / Sustainable ...,https://commonwealth.im/stargatetoken/discussion/4558-stg-utilization-fee-reduction-sustainable-token-burn,Newest. Include comments flagged as spam. Anonymous. ‚Ä¢. 9 months ago. i loved the idea . great news. 0. Share. Basala. ‚Ä¢. 9 months ago. This ok news. 0. Share.
StargateToke,STG,STGUSDC Market Data from Major Exchanges ‚Äî TradingView,https://www.tradingview.com/symbols/STGUSDC/markets/,Overview News Ideas Technicals. Markets. StargateToken / USD Coin (CALCULATED BY TRADINGVIEW) exchanges. Get StargateToken / USD Coin (CALCULATED BY¬†...
Spell Token,SPELL,"Spell Token price today, SPELL to USD live price, marketcap and ...",https://coinmarketcap.com/currencies/spell-token/,"The live Spell Token price today is $0.000518 USD with a 24-hour trading volume of $4,616,966 USD. We update our SPELL to USD price in real-time. Spell Token is¬†..."
Spell Token,SPELL,‚Äç‚ôÇÔ∏è (@MIM_Spell) / X,https://twitter.com/mim_spell?lang=en,"Borrow, Leverage or Earn Yield. Enjoy the Magic #Wizard. $MIM $SPELL Discord: https://t.co/mi8POGJUaH."
10Set Token,10SET,Tenset Price: 10SET Live Price Chart & News | CoinGecko,https://www.coingecko.com/en/coins/tenset,"The price of Tenset (10SET) is $0.6932 today with a 24-hour trading volume of $382,718.27. This represents a 3.03% price increase in the last 24 hours and a¬†..."
10Set Token,10SET,TenseT.io (@TenseT_io) / X,https://twitter.com/TenseT_io,"to discuss the latest at #10SET, upcoming #Alvara IDO and the current crypto market! Exclusive server only for TGLP Genesis NFT holders, join https://¬†..."
10Set Token,10SET,Tenset | Technological hub specialising in Blockchain,https://www.tenset.io/en/,"News ¬∑ Contact. Connect ... By locking 10set in Infinity, you get daily drops from tens of different crypto projects on the platform, including the 10set token."
SuperFarm,SUPER,"SuperFarm Price Prediction | 2022, 2023, 2024-2030",https://changelly.com/blog/superfarm-price-prediction/,"SuperFarm is an NFT platform that has its own native token, SUPER. Today, we will be looking at our SuperFarm price prediction for 2022-2030."
SuperFarm,SUPER,"SuperFarm (SUPER) Live Tokenomics, Charts, Ratings & News ...",https://tokeninsight.com/en/coins/superfarm/tokenomics,SuperFarm is a cross-chain DeFi protocol designed to bring utility to any token by turning it into a NFT farm with no code required. With an innovative suite of¬†...
SuperFarm,SUPER,SuperFarm price prediction: can it make NFTs mainstream?,https://capital.com/superfarm-super-price-prediction,"Jan 18, 2022 ... According to SuperFarm's website, the project is a ‚Äúa cross-chain DeFi protocol designed to bring utility to any token by turning it into an NFT¬†..."
BZZ,BZZ,BuzzFeed News | Breaking News | Original Reporting | News Analysis,https://www.buzzfeednews.com/,"BuzzFeed News has breaking stories and original reporting on politics, world news, social media, viral trends, health, science, technology, entertainment,¬†..."
BZZ,BZZ,FTC Charges Deceptive Privacy Practices in Googles Rollout of Its ...,https://www.ftc.gov/news-events/news/press-releases/2011/03/ftc-charges-deceptive-privacy-practices-googles-rollout-its-buzz-social-network,"Mar 30, 2011 ... ... Buzz, in 2010. The agency alleges the practices violate the FTC Act ... News ¬∑ Events ¬∑ Features ¬∑ Topics ¬∑ Data and Visualizations ¬∑ Contests¬†..."
BZZ,BZZ,Bridgewater Buzz News,https://bridgewater.blog/,Excavation Work Continues on Riverwalk Extension. The extension of Riverwalk through Bridgeview Park is progressing quickly! Much of the path has been excavated¬†...
Aave interes,aSTETH,Aave - Open Source Liquidity Protocol,https://aave.com/,Aave is an Open Source Protocol to create Non-Custodial Liquidity Markets to earn interest on supplying and borrowing assets with a variable or stable¬†...
Aave interes,aSTETH,Matic Aave Interest Bearing AAVE Price: MAAAVE Live Price Chart ...,https://www.coingecko.com/en/coins/matic-aave-aave,"Track the latest Matic Aave Interest Bearing AAVE price, market cap, trading volume, news and more with CoinGecko's live MAAAVE price chart and popular¬†..."
Aave interes,aSTETH,"Aave interest bearing USDC aUSDC Price, Live Charts, and News ...",https://www.coinbase.com/price/aave-interest-bearing-usdc,"Get the latest price, news, live charts, and market trends about Aave interest bearing USDC. The current price of Aave interest bearing USDC in United¬†..."
The Force To,FOR,Forces News - YouTube,https://www.youtube.com/@forces_news,The latest military tech ¬∑ Play all ¬∑ Royal Marines' new and improved Commando Raiding Craft ¬∑ The weapons a Type 45 destroyer has in her arsenal to fend off¬†...
The Force To,FOR,"Air Force Times, Independent News For Airmen | Air Force Times",https://www.airforcetimes.com/,Air Force Times is your independent voice for news about airmen at home and deployed around the world.
The Force To,FOR,News,https://www.af.mil/News/,"The official website of the U.S. Air Force. AF.MIL delivers the latest breaking news and information on the U.S. Air Force including top stories, features,¬†..."
AllianceBloc,ALBT,AllianceBlock (@allianceblock) / X,https://twitter.com/allianceblock?lang=en,AllianceBlock Nexera - News. AllianceBlock is building the infrastructure for a decentralized tokenized market. $NXRA Join our official community: t.me¬†...
AllianceBloc,ALBT,What is the Pacific Alliance? ‚Äì Alianza del Pac√≠fico.,https://alianzapacifico.net/en/what-is-the-pacific-alliance/,News ¬∑ Photos/Images ¬∑ Videos ¬∑ Newsletters ¬∑ Contact. What is the Pacific Alliance? The Pacific Alliance is an initiative of regional integration comprised by¬†...
AllianceBloc,ALBT,India's opposition alliance to boycott 'hate-filled' TV news anchors ...,https://www.aljazeera.com/news/2023/9/15/indias-opposition-alliance-to-boycott-hate-filled-tv-news-anchors,"Sep 15, 2023 ... India's opposition alliance to boycott 'hate-filled' TV news anchors. Congress-led alliance accuses some anchors of partisanship towards PM¬†..."
Convex Token,CVX,Convex Finance (@ConvexFinance) / X,https://twitter.com/convexfinance?lang=en,"Convex will not post any links after this tweet. Links below this tweet that look like Convex are spam, fake or phishing links. Do not click any link under¬†..."
Convex Token,CVX,Convex,https://www.convexfinance.com/,"Convex is a platform that boosts rewards for CRV stakers and liquidity providers alike, all in a simple and easy to use interface."
Convex Token,CVX,DeFi Tool Convex to Make Changes to Staking Service for Curve ...,https://www.coindesk.com/tech/2023/01/04/defi-tool-convex-to-make-changes-to-staking-service-for-curve-token-rewards/,"Jan 4, 2023 ... Curve tokens (CRV) are issued as yield farming rewards to liquidity providers on Curve Finance, and can be converted into vote-escrowed CRV¬†..."
Nimbus,NBU,News & Events ‚Äì Nimbus,https://www.nimbustx.com/news-events/,"Press Releases ¬∑ January 05, 2024. Nimbus Therapeutics Announces Expansion of Its Immunology Drug Discovery Pipeline ¬∑ December 18, 2023 ¬∑ October 31, 2023."
Nimbus,NBU,"Fresh off $4B deal, Nimbus gears up for 'third chapter' with new ...",https://www.biopharmadive.com/news/nimbus-venture-financing-hpk1-tyk2-cancer/692762/,"Sep 6, 2023 ... Fresh off $4B deal, Nimbus gears up for 'third chapter' with new fundraise ... email. BioPharma Dive news delivered to your inbox. Get the free¬†..."
Nimbus,NBU,Nimbus,https://www.nimbustx.com/,Pipeline & Targets / ¬∑ Pipeline & Targets Overview ¬∑ Our Pipeline ¬∑ Nimbus Programs ¬∑ Acquired Programs ¬∑ Publications & Presentations ¬∑ News &¬†...
Rocket Bunny,BUNNY,Georgia student's Rocket Bunny cryptocurrency explodes to over $1 ...,https://www.dailymail.co.uk/news/article-9708841/Georgia-students-Rocket-Bunny-cryptocurrency-explodes-1trillion-Coinbase-glitch.html,"Jun 21, 2021 ... A nursing student in Georgia woke up to find the $20 he invested in the cryptocurrency Rocket Bunny exploded in value to over $1trillion due to¬†..."
Rocket Bunny,BUNNY,Rocket Bunny duckbill wing without kit | 2023+ Nissan Z Forum ...,https://www.nissanzclub.com/forum/threads/rocket-bunny-duckbill-wing-without-kit.1879/,"May 9, 2023 ... 2023+ Nissan Z Forum, Community, Owners, News, Discussions (RZ34) ... Rocket Bunny duckbill wing without kit. Thread starter Maximus; Start date¬†..."
Rocket Bunny,BUNNY,Pandem Rocket Bunny Does Inexplicable Things To New Toyota ...,https://www.motor1.com/news/538300/rocket-bunny-toyota-gr86-kit/,"Oct 4, 2021 ... There's also a version in the livery of the tuner Cusco. GR 86 News: 2022 toyota gr86 first drive 2022 Toyota GR 86 First Drive¬†..."
Compound Dai,cDAI,"Compound Dai CDAI Price, Live Charts, and News in United States",https://www.coinbase.com/price/compound-dai,"Get the latest price, news, live charts, and market trends about Compound Dai. The current price of Compound Dai in United States is $0.0227 per (CDAI¬†..."
Compound Dai,cDAI,Compound,https://compound.finance/,"Compound is an algorithmic, autonomous interest rate protocol built for developers, to unlock a universe of open financial applications."
Compound Dai,cDAI,Worries remain after neo-Nazi sells Maine compound,https://www.bangordailynews.com/2023/11/06/news/penobscot/maine-neo-nazi-worries-christopher-pohlhaus/,"Nov 6, 2023 ... Bangor Daily News. Maine news, sports, politics, election results ... The neo-Nazi compound in Springfield has been sold, but leaders of¬†..."
Staked Olymp,sOHM,Stakes rise in USA Olympic conflict >> Scuttlebutt Sailing News,https://www.sailingscuttlebutt.com/2024/01/30/stakes-rise-in-usa-olympic-conflict/,"Stakes rise in USA Olympic conflict. Published on January 30th, 2024. While USA athletes need to focus on preparing for the Paris 2024 Olympics,¬†..."
Staked Olymp,sOHM,What's at Stake for Trump at the Winter Olympics | The New Yorker,https://www.newyorker.com/news/news-desk/whats-at-stake-for-trump-at-the-korean-olympics,"Feb 8, 2018 ... ... news agency. ‚ÄúExplicitly speaking, we have no intention to meet with the U.S. side. . . . Our delegation's visit to South Korea is only to¬†..."
Staked Olymp,sOHM,'Claims could run into billions': the interests at stake if Olympics in ...,https://www.theguardian.com/sport/2021/jun/10/claims-could-run-into-billions-the-interests-at-stake-if-olympics-in-japan-were-cancelled,"Jun 10, 2021 ... IOC officials have avoided any mention of the commercial forces driving the Tokyo Games towards their 23 July opening date."
SwissBorg,CHSB,SwissBorg (@swissborg) / X,https://twitter.com/swissborg?lang=en,SwissBorg ¬∑ @swissborg. ¬∑. Feb 7. Exciting News: @XBorgHQ. 's $XBG Presale is coming soon! Get ready to be part of the XBorg gaming revolution. With¬†...
SwissBorg,CHSB,Invest in crypto assets the smart way SwissBorg,https://swissborg.com/,Join thousands of smart users and start investing with the SwissBorg app at the best available price anywhere at any time.
SwissBorg,CHSB,SwissBorg - making crypto asset management accessible to everyone,https://www.reddit.com/r/swissborg/,"r/swissborg: SwissBorg app: Invest in 60+ cryptocurrencies easily, automate returns, and diversify with expertly managed bundles. Earn without‚Ä¶"
Frax Share,FXS,Frax Finance,https://frax.finance/,Frax Price Index Share (FPIS) is a utility token that can be staked as veFPIS to uniquely govern the FPI stablecoin's novel CPI peg properties. FPIS is¬†...
Frax Share,FXS,Frax Finance ¬§‚õìÔ∏è¬§ (@fraxfinance) / X,https://twitter.com/fraxfinance?lang=en,It's time for the Fraxtal launch thread! The most important & consequential release since the dawn of Frax itself in 2020. Fraxtal testnet & mainnet are¬†...
Frax Share,FXS,"Frax Share price today, FXS to USD live price, marketcap and chart ...",https://coinmarketcap.com/currencies/frax-share/,"The live Frax Share price today is $9.05 USD with a 24-hour trading volume of $32,616,865 USD. We update our FXS to USD price in real-time. Frax Share is down¬†..."
Elite Swap,ELT,"Elite Swap ELT Price, Live Charts, and News in United States",https://www.coinbase.com/price/elite-swap,"Get the latest price, news, live charts, and market trends about Elite Swap. The current price of Elite Swap in United States is $NaN per (ELT / USD)"
Elite Swap,ELT,"Elite Swap price today, ELT to USD live price, marketcap and chart ...",https://coinmarketcap.com/currencies/elite-swap/,Elite Swap news ... Elite Swap is Complete Fork of Uniswap With Defi Dashboard and Multichain Swap Protocol.
Elite Swap,ELT,"Bondurant billionaire buys 'elite enclave' up Greys River, eyes land ...",https://wyofile.com/bondurant-billionaire-buys-elite-enclave-up-greys-river-eyes-land-swap/,"Feb 24, 2023 ... Bondurant billionaire buys 'elite enclave' up Greys River, eyes land swap ... Latest News. Ranch owner's lawyer off corner-crossing case, now with¬†..."
Akropolis,AKRO,Akropolis | Earn DeFi Yield on Autopilot,https://www.akropolis.io/,Akropolis uses cookies in order to enhance user experience. You can learn more ... Once a week we will send you our latest news. Subscribe. By providing your¬†...
Akropolis,AKRO,Akropolis (@akropolisio) / X,https://twitter.com/akropolisio?lang=en,"Akropolis ¬∑ @akropolisio. ¬∑. Jun 28, 2023. The news you were waiting for - @LiquityProtocol integration is live Big thanks to the @MetaLamp_Web3 team who¬†..."
Akropolis,AKRO,"Akropolis (AKRO) Price Today, News & Live Chart | Forbes Crypto ...",https://www.forbes.com/digital-assets/assets/akropolis-akro/,Akropolis Price & News ¬∑ Akropolis (akro) Price Conversion Calculator ¬∑ Akropolis Resources ¬∑ About Akropolis ¬∑ Akropolis & Other Cryptocurrencies ¬∑ Historical¬†...
DefiPulse In,DPI,Defi Pulse Index,https://indexcoop.com/products/defi-pulse-index,"The DeFi Pulse Index (DPI) is a capitalization-weighted index that tracks the ... news feeds, tutorials, tweets, and videos. Before you make any financial¬†..."
DefiPulse In,DPI,DeFi - Decentralized Finance,https://www.reddit.com/r/defi/,"r/defi: News, articles and discussions about decentralized financial protocols on any blockchain."
DefiPulse In,DPI,2023's top 5 DeFi protocols by revenue - Blockworks,https://blockworks.co/news/top-defi-protocols-by-revenue,"Dec 25, 2023 ... TVL has begun to fall out of favor, so which metric can be used to rank this year's top DeFi projects? ... News ¬∑ Podcasts ¬∑ Newsletter ¬∑ Events."
pSTAKE Finan,PSTAKE,pSTAKE | Unlocking liquidity of staked assets,https://pstake.finance/,"pSTAKE, developed by Persistence, is a liquid staking protocol unlocking the liquidity of staked assets. Stakers of PoS tokens can stake their assets while¬†..."
pSTAKE Finan,PSTAKE,"pSTAKE Finance (PSTAKE) Price Today, News & Live Chart ...",https://www.forbes.com/digital-assets/assets/pstake-finance-pstake/,Learn what pSTAKE Finance (PSTAKE) cryptocurrency is and today's market price. Confidently invest in cryptocurrency with current and historical pSTAKE¬†...
pSTAKE Finan,PSTAKE,pSTAKE Finance Price: PSTAKE Live Price Chart & News | CoinGecko,https://www.coingecko.com/en/coins/pstake-finance,"Results 1 - 10 of 20 ... The price of pSTAKE Finance (PSTAKE) is $0.0428 today with a 24-hour trading volume of $929,369.92. This represents a -0.32% price decline¬†..."
Zks,ZKS,ZKS | News & Resources,https://zkslaw.com/news/,Categories ... The 38th Annual Zimmerman Kiser Sutcliffe Moot Co ... Continue reading ¬∑ ZKS Named a 2023 Top Workplace in Orland ... ... ZKS Law is honored to have¬†...
Zks,ZKS,"ZKSpace ZKS Price, Live Charts, and News in Germany",https://www.coinbase.com/en-de/price/zkswap,"Get the latest price, news, live charts, and market trends about ZKSpace. The current price of ZKSpace in Germany is ‚Ç¨0.0571 per (ZKS / EUR)"
Zks,ZKS,News and Events Archives - ZKS,https://zkslaw.com/category/news-and-events/,"Categories. Categories. Select Category, COVID-19 Updates, Firm News, News, News and Events, Uncategorized. Search for: ZKS LAW premieres new name, brand messag¬†..."
Clover,CLV,Clover news Archives - Clover Blog,https://blog.clover.com/tag/clover-news/,Clover news ¬∑ Fiserv deepens Clover and BentoBox integration to unify restaurant operations ¬∑ Restaurants can streamline order management with new Clover¬†...
Clover,CLV,Sad news about CloverBBY ‚Äì Clover Food Lab,https://www.cloverfoodlab.com/sad-news-about-cloverbby/,"I'm writing to share some news: we've decided to permanently close CloverROW, our outpost in the Assembly Row neighborhood of Somerville. The closure of this¬†..."
Clover,CLV,Clover news - Clover Blog,https://blog.clover.com/clover-news/,"Clover Named Restaurant Smart Terminal Provider of the Year. BROOKFIELD, Wis., December 11, 2020 ‚Äì Clover¬Æ from Fiserv, Inc. (NASDAQ: FISV), a leading provider¬†..."
swETH,swETH,Seth (@sethrogen) ‚Ä¢ Instagram photos and videos,https://www.instagram.com/sethrogen/,"In other news, The Marble Rolling Set from Houseplant. Photo by Seth on September 11, 2023. Photo shared by Houseplant on September 08, 2023 tagging¬†..."
swETH,swETH,Seth Voorhees ‚Äî Multimedia Journalist,https://spectrumlocalnews.com/nys/rochester/reporters/2020/01/06/seth-voorhees,"Jan 6, 2020 ... After seven years in local radio, Seth's TV reporting career began in 1995 in the Spectrum News 1 Rochester newsroom. ... Just two years later,¬†..."
swETH,swETH,Seth Rogen (@Sethrogen) / X,https://twitter.com/sethrogen?lang=en,"I'm so thrilled to be a part of bringing this wild R rated comedy to the world. Enjoy the trailer for Joy Ride, in theaters July 7th! Embedded video."
GeroWallet,GERO,GeroWallet (@GeroWallet) / X,https://twitter.com/gerowallet?lang=en,Another Cardano ADA News Update with a focus on Project Catalyst & external funding sources for Cardano projects & start ups. https://learncardano.io/podcasts/¬†...
GeroWallet,GERO,GeroWallet - Your Master Key to DeFi,https://gerowallet.io/,Stake your ADA to the GERO stake pool and earn ADA and $GERO in rewards. Built-In Swap. Swap ADA and any Cardano native assets directly within the wallet.
GeroWallet,GERO,"GeroWallet GERO Price, Live Charts, and News in United States",https://www.coinbase.com/price/gerowallet,"Get the latest price, news, live charts, and market trends about GeroWallet. The current price of GeroWallet in United States is $0.0053 per (GERO / USD)"
E-RADIX,eXRD,Radix - Radically Different DeFi (@radixdlt) / X,https://twitter.com/radixdlt?lang=en,Radix Wallet Update Android & iOS Wallet v1.4.0 Now Available This is a significant update to the network staking experience in the Radix Wallet.
E-RADIX,eXRD,Radix DLT | Radically Better Web3,https://www.radixdlt.com/,A decentralized network with the radically better user & developer experience needed for everyone to confidently use Web3 & DeFi.
E-RADIX,eXRD,"e-Radix EXRD Price, Live Charts, and News in United States",https://www.coinbase.com/price/radix,"Get the latest price, news, live charts, and market trends about e-Radix. The current price of e-Radix in United States is $0.0408 per (EXRD / USD)"
BarnBridge G,BOND,SEC commissioner disagrees with agency's BarnBridge DAO fine,https://crypto.news/sec-commissioner-diagrees-agency-barnbridge-dao-fine/,"Dec 23, 2023 ... Get crypto analysis, news and updates right to your inbox! Sign up here so you don't miss a single newsletter. Email Subscribe. You have¬†..."
BarnBridge G,BOND,Crypto Assets and Cyber Enforcement Actions - SEC.gov,https://www.sec.gov/spotlight/cybersecurity-enforcement-actions,... BarnBridge's offer and sale of structured crypto asset securities known as SMART Yield bonds. ... G-Coins or G-Dollars. The respondents have agreed to pay more¬†...
BarnBridge G,BOND,BarnBridge DAO votes to adhere to SEC ruling,https://crypto.news/barnbridge-dao-votes-to-adhere-to-sec-ruling/,"Oct 12, 2023 ... Get crypto analysis, news and updates right to your inbox! Sign up here so you don't miss a single newsletter. Email Subscribe. You have¬†..."
PAID Network,PAID,"PAID Network price today, PAID to USD live price, marketcap and ...",https://coinmarketcap.com/currencies/paid-network/,"PAID Network news ... PAID Network is up 11.57% in the last 24 hours. The current CoinMarketCap ranking is #709, with a live market cap of $25,307,064 USD. It¬†..."
PAID Network,PAID,PAID NETWORK (@paid_network) / X,https://twitter.com/paid_network?lang=en,Our mission is to provide highly vetted projects and founders bringing brilliant ideas with crowd-sourced funding https://t.co/1CGShpOWOx¬†...
PAID Network,PAID,Paid Network | Home,https://paidnetwork.com/,"Paid Network is home to Ignition, where our mission is to link vetted founders' ideas to crowd-funding and provide expert guidance to realize their vision."
Bidao,BID,Bidao¬Æ Smart Chain (@Bidaochain) / X,https://twitter.com/bidaochain?lang=en,HUGE News: We are going live on the Bidao Smartchain Mainnet this year You ... Massive News from the Bidao Coding Cave!!! It has been really productive in¬†...
Bidao,BID,"Bidao BID Price, Live Charts, and News in United States",https://www.coinbase.com/price/bidao,"Get the latest price, news, live charts, and market trends about Bidao. The current price of Bidao in United States is $0.0014 per (BID / USD)"
Bidao,BID,"Bidao price today, BID to USD live price, marketcap and chart ...",https://coinmarketcap.com/currencies/bidao/,"Sep 29, 2020 ... Bidao is a multi-chain decentralized finance (DeFi) platform and stablecoin. It is the first trustless stablecoin pegged to the U.S. dollar¬†..."
Lattice Toke,LTX,Lattice Gateway (@LatticeExchange) / X,https://twitter.com/LatticeExchange,"Lattice is the Gateway to Constellation's web3 ecosystem where projects can launch tokens, raise & manage liquidity. Users can vote, swap tokens & earn¬†..."
Lattice Toke,LTX,"Lattice Token LTX Price, Live Charts, and News in United States",https://www.coinbase.com/price/lattice-token,"The current price is $0.11 per LTX with a 24-hour trading volume of $25.60K. Currently, Lattice Token is valued at 95.69% below its all time high of $2.55. This¬†..."
Lattice Toke,LTX,Lattice Price: LTX Live Price Chart & News | CoinGecko,https://www.coingecko.com/en/coins/lattice-token,"lattice-token. Chains. Ethereum Ecosystem. Categories. DWF Labs Portfolio ... Get the latest crypto news, updates, and reports by subscribing to our free¬†..."
APY Governan,APY,"Target Corporation: News, Careers, Investors, Sustainability ...",https://corporate.target.com/,"From sustainability to jobs, you can expect more from Target. Learn about our history, values and mission."
APY Governan,APY,"NCAA adopts interim name, image and likeness policy - NCAA.org",https://www.ncaa.org/news/2021/6/30/ncaa-adopts-interim-name-image-and-likeness-policy.aspx,"Jun 30, 2021 ... ... Governance ¬∑ Infractions Process ¬∑ Recruiting ¬∑ Archived Stories. Media Center. Home ¬∑ News ¬∑ Features ¬∑ NCAA Social¬†..."
APY Governan,APY,Green News: Apply to the ‚ÄúProject Governance Graduate Fellowship ...,https://www.spc.int/updates/blog/did-you-know/2023/10/green-news-apply-to-the-project-governance-graduate-fellowship,"Oct 29, 2023 ... Apply to the PROJECT Governance Graduate Fellowship program! The PROJECT Governance Graduate Fellowship program¬†..."
UnFederalRes,eRSDL,¬´ Regards sur une crise ¬ª avec Beno√Æt Frydman ‚Äì lacademie.tv,https://lacademie.tv/conferences/regards-sur-une-crise-avec-benoit-frydman,"Nov 19, 2020 ... Journ√©e d'√©tude participative et citoyenne 2022 ¬´ D√©sinformation & fake news ¬ª. 96 min. Situations de l'euthanasie en Belgique et en France¬†..."
Perpetual,PERP,VMware by Broadcom Dramatically Simplifies Offer Lineup and ...,https://news.vmware.com/company/vmware-by-broadcom-business-transformation,"Dec 11, 2023 ... Skip to content ¬∑ News & Stories. Search VMware News & Stories. Company. Corporate News ... perpetual licenses. Customers will be able to purchase¬†..."
Perpetual,PERP,Perpetual Dual-Class Stock: The Case Against Corporate ... - SEC.gov,https://www.sec.gov/news/speech/perpetual-dual-class-stock-case-against-corporate-royalty,"Feb 15, 2018 ... Perpetual Dual-Class Stock: The Case Against Corporate Royalty, speech by Commissioner Robert Jackson, Jr ... News ¬∑ Press Releases ¬∑ Speeches and¬†..."
Perpetual,PERP,Water-splitting module a source of perpetual energy | Rice News ...,https://news.rice.edu/news/2020/water-splitting-module-source-perpetual-energy,"May 4, 2020 ... 'Artificial leaf' concept inspires Rice University research into solar-powered fuel production ... HOUSTON ‚Äì (May 4, 2020) ‚Äì Rice University¬†..."
Wrapped sGaa,wsGaas,The SaGa Community,https://www.reddit.com/r/SaGa/,"r/SaGa: Subreddit for Squaresoft's long-running SaGa series. Comments, strategy, help requests, and news about this confusing and rewarding series‚Ä¶"
Wrapped sGaa,wsGaas,Wrapping up 2023! ‚Äì JKMosaic,https://jkmosaic.com/wrapping-up-2023/,"Dec 12, 2023 ... During the second half of September, I taught at the Gem5 Conference in Whitewater, WI and then at the SAMA/SGAA conference in Buffalo, NY."
Wrapped sGaa,wsGaas,SAGA,https://www.reddit.com/r/sagathegame/,... Tribune and some archers at some point. r/sagathegame - More or less wrapped up painting my Republican Romans for SAGA. Upvote 29. Downvote 2 comments. Share¬†...
Oraichain To,ORAI,Oraichain (@oraichain) / X,https://twitter.com/oraichain?lang=en,Building your AI-powered home base for Web3 Enabled by #AI Oracle + #LLM Layer Personalized via DeFi Lens + AI Agents ‚õì Secured w/ Trustworthy¬†...
Oraichain To,ORAI,"Oraichain (ORAI) Price Today, News & Live Chart | Forbes Crypto ...",https://www.forbes.com/digital-assets/assets/oraichain-orai/,"Find Oraichain (ORAI) cryptocurrency prices, market news, historical data, and financial information. Make informed investment decisions with Oraichain¬†..."
Oraichain To,ORAI,News ‚Äì Oraichain,https://blog.orai.io/tagged/news,"Read writing about News in Oraichain. Oraichain is the world's first intelligent and secure solution for emerging Web3, scalable Dapps, and decentralized¬†..."
Hashflow,HFT,hashflow (@hashflow) / X,https://twitter.com/hashflow?lang=en,hashflow's posts ; Crypto Miners ¬∑ @CryptoMiners_Co ¬∑ Feb 7. üéôÔ∏è ; Wormhole Ëô´Ê¥û‰∏≠Êñá ¬∑ @wormholechina ¬∑ Feb 7. Êó†ÁºùÁöÑ„ÄÅÂéüÁîüÁöÑ‰ªé EVM Âà∞. @solana ; DEGEN NEWS ¬∑ @¬†...
Hashflow,HFT,"Hashflow (HFT) Price Today, News & Live Chart | Forbes Crypto ...",https://www.forbes.com/digital-assets/assets/hashflow-hft/,"3 days ago ... Browse the latest Hashflow (HFT) cryptocurrency news, research, and analysis. Stay informed on Hashflow prices within the cryptocurrency¬†..."
Hashflow,HFT,Hashflow 2.0: Best Prices. Deep Liquidity. Every Token.,https://www.hashflow.com/,"Hashflow is a multichain decentralized exchange (DEX) that enables users to trade digital assets on leading blockchains including Ethereum, Arbitrum,¬†..."
PEAKDEFI,PEAK,PEAKDEFI - A decentralized asset management fund,https://peakdefi.com/,... PEAK token. February 2020. Creation of the PEAKDEFI [PEAK] token on the Ethereum blockchain and listing on three exchanges. March 2021. PEAKDEFI enters¬†...
PEAKDEFI,PEAK,West Ham United announce partnership with PEAKDEFI | West Ham ...,https://www.whufc.com/news/west-ham-united-announce-partnership-peakdefi,"May 9, 2022 ... Latest News. Last chance for UK Express Delivery. Hurry to shop in ... To learn more about PEAKDEFI and their products please head to peakdefi.com."
PEAKDEFI,PEAK,"PEAKDEFI PEAK Price, Live Charts, and News in United States",https://www.coinbase.com/price/peakdefi,The price of PEAKDEFI has decreased by 0.00% in the last hour and decreased by 2.19% in the past 24 hours. PEAKDEFI's price has also fallen by 8.55% in the past¬†...
Ondo,ONDO,Ondo Finance (@OndoFinance) / X,https://twitter.com/ondofinance?lang=en,"Ondo Finance's posts. Pinned. Square profile picture ... The news follows explosive growth for Sui's, with its TVL tripling since mid-December¬†..."
Ondo,ONDO,Ondo Cerezo Picks Up Win as AAMU Falls to MTSU - Alabama A&M ...,https://aamusports.com/news/2024/2/4/womens-tennis-ondo-cerezo-picks-up-win-as-aamu-falls-to-mtsu.aspx,5 days ago ... ... News Archives ¬∑ In the News. Department. Accolades & Honors ¬∑ Athletics ... Ondo Cerezo Picks Up Win as AAMU Falls to MTSU. Story Links. Final¬†...
Ondo,ONDO,Ondo State Government,https://ondostate.gov.ng/,"State News ¬∑ Investment Opportunities ¬∑ Lucky Orimisan Aiyedatiwa ¬∑ Executive Governor of Ondo State ¬∑ @LuckyAiyedatiwa ¬∑ On 27 December 2023, Aiyedatiwa was sworn¬†..."
Renq Finance,RENQ,RenQ Finance (@RenQ_Finance) / X,https://twitter.com/renq_finance?lang=en,"RenQ connects all blockchains & establish a cross-chain asset exchange network, providing all necessary support for the DeFi ecosystem. Financial Tech Company¬†..."
Renq Finance,RENQ,"Renq Finance RENQ Price, Live Charts, and News in United States",https://www.coinbase.com/price/renq-finance,"Get the latest price, news, live charts, and market trends about Renq Finance. The current price of Renq Finance in United States is $0.0081 per (RENQ¬†..."
Renq Finance,RENQ,"Renq Finance price today, RENQ to USD live price, marketcap and ...",https://coinmarketcap.com/currencies/renq-finance/,... you take certain actions such as signing up and transacting with these affiliate platforms. Please refer to Affiliate Disclosure. Renq Finance news¬†...
Metaverse In,MVI,Will the Metaverse save journalism? | by Thomas Seymat | Medium,https://medium.com/@tseymat/will-the-metaverse-save-journalism-a4ce044c948e,"Oct 28, 2021 ... The Metaverse will save journalism if: ¬∑ If the industry approaches this new concept, no matter the shape it takes, thoughtfully and manages to¬†..."
Metaverse In,MVI,"Metaverse | Latest News, Photos & Videos | WIRED",https://www.wired.com/tag/metaverse/,"Find the latest Metaverse news from WIRED. See related science and technology articles, photos, slideshows and videos."
Metaverse In,MVI,Metaverse News & Latest Stories | Metaverse Insider,https://metaverseinsider.tech/,AppliedVR and Kernel Flow Announce Clinical Results Evaluating how Brain Changes During Virtual Reality Treatment of Chronic Pain ¬∑ Disney's $1.5 Billion¬†...
Orion Protoc,ORN,Orion Protocol Loses $3M of Crypto in Trading Pool Exploit,https://www.coindesk.com/business/2023/02/02/orion-protocol-loses-3m-of-crypto-in-trading-pool-exploit/,"Feb 2, 2023 ... Crypto trading venue Orion Protocol was set to pause operations Thursday after an apparent attacker drained millions of dollars worth of¬†..."
Orion Protoc,ORN,Orion (@orion_protocol) / X,https://twitter.com/orion_protocol?lang=en,"Orion. @orion_protocol. http://x.com/TradeOnOrion. Joined October 2023. 1 ... @orion_protocol hasn't posted. When they do, their posts will show up here."
Orion Protoc,ORN,OrionProtocol,https://www.reddit.com/r/OrionProtocol/,"r/OrionProtocol: Built on the most advanced liquidity aggregator ever developed, Orion Protocol aggregates the liquidity of every single crypto‚Ä¶"
AICRYPTO,AIC,"Latest AI, Crypto News Headlines for June 26, 2023",https://www.linkedin.com/pulse/latest-ai-crypto-news-headlines-june-26-2023-lewis-e-farrell,"Jun 26, 2023 ... Latest AI, Crypto News Headlines for June 26, 2023 ¬∑ Lewis E. Farrell ¬∑ Farrell's AI Crypto News. 1,377 follower. + Subscribe."
AICRYPTO,AIC,C3 AI - Enterprise AI,https://c3.ai/,C3 AI is a leading enterprise AI software provider for building enterprise-scale AI applications and accelerating digital transformation.
AICRYPTO,AIC,"Latest AI, Crypto News Headlines for November 10, 2023",https://www.linkedin.com/pulse/latest-ai-crypto-news-headlines-november-10-2023-lewis-e-farrell-zndnc?trk=public_post,"Nov 10, 2023 ... Latest AI, Crypto News Headlines for November 10, 2023 ¬∑ Lewis E. Farrell ¬∑ Farrell's AI Crypto News. 1,287 follower. + Subscribe."
Yield Protoc,YIELD,DeFi Lending Project Yield Protocol to Wind Down by Year's End,https://www.coindesk.com/business/2023/10/04/defi-project-yield-protocol-to-wind-down-by-years-end/,"Oct 4, 2023 ... ... Yield Protocol,"" Yield said. ... Sign up for Crypto Long & Short, our weekly newsletter featuring insights, news and analysis for the professional¬†..."
Yield Protoc,YIELD,Yield Protocol to permanently 'wind down' operations by December ...,https://cointelegraph.com/news/yield-protocol-permanently-wind-down-december-2023,"Oct 4, 2023 ... ... News. Collect article. Own this piece of history as an NFT. Join us on social networks. Decentralized finance (DeFi) lending protocol Yield¬†..."
Yield Protoc,YIELD,Fixed rate-focused Yield Protocol is the latest DeFi project to wind ...,https://blockworks.co/news/yield-protocol-defi-project-shutter-fixed-rate-platform,"Oct 3, 2023 ... Yield Protocol's X account announced that the protocol would ‚Äúwind down. ... News ¬∑ Podcasts ¬∑ Newsletter ¬∑ Events ¬∑ Webinars ¬∑ Research ¬∑ Sitemap¬†..."
KEEP Token,KEEP,"Keep Network KEEP Price, Live Charts, and News in United States",https://www.coinbase.com/price/keep-network,"One of Keep Network's first products is an Ethereum token that represents 1 Bitcoin, called tBTC. Keep Network enables users to deposit Bitcoin and redeem¬†..."
KEEP Token,KEEP,Keep #tBTC (@keep_project) / X,https://twitter.com/keep_project?lang=en,Keep is building infrastructure for autonomous private data on public ... token to 20+ blockchains. Read how. ‚¨áÔ∏è. Wormhole logo. Threshold Case Study¬†...
KEEP Token,KEEP,Keep Network,https://keep.network/,Threshold is live. Upgrade your KEEP and/or NU tokens to the new T token. Start Now ¬∑ Mint ¬∑ Faq ¬∑ Press; About.
Spotted Turt,ST,News - Spotted Turtle focus of new grant,https://www.mass.gov/news/spotted-turtle-focus-of-new-grant,"Mar 1, 2018 ... Once listed as a Species of Special Concern under the Massachusetts Endangered Species Act, Spotted Turtles were removed from the list in 2006¬†..."
Spotted Turt,ST,Wildlife Watch: Scientists try to spot the rare spotted turtle,https://www.wcax.com/2022/08/02/wildlife-watch-scientists-try-spot-rare-spotted-turtle/,"Aug 2, 2022 ... SOUTHERN VERMONT (¬†..."
Spotted Turt,ST,Species Spotlight! Spotted Turtle! - Turtle Survival Alliance,https://turtlesurvival.org/news/species-spotlight-spotted-turtle/,"News & Events. Species Spotlight! Spotted Turtle! ¬∑ Common name: Spotted Turtle ¬∑ Countries of origin: United States of America ¬∑ Habitat: Swamps, marshes, small,¬†..."
Strike Token,STRK,Strike Finance (@StrikeFinance) / X,https://twitter.com/strikefinance?lang=en,"We're proposing to add the crvUSD token from Curve Finance as a stable token market to Strike Protocol. With crvUSD, users can enjoy a collateralized¬†..."
Strike Token,STRK,"Strike price today, STRK to USD live price, marketcap and chart ...",https://coinmarketcap.com/currencies/strike/,"When a user deposits tokens to a Strike market, they receive sTokens in return. These sTokens represent the individual's stake in the pool and can be used to¬†..."
Strike Token,STRK,Strike - Most Trusted Decentralized Finance Platform,https://strike.org/,"Strike is your gateway to decentralized finance where you can explore exceptional APY rates across various token markets, including wstETH. Get in touch!"
pNetwork Tok,PNT,TikTok to be blocked from parliamentary devices and network over ...,https://news.sky.com/story/tiktok-to-be-blocked-from-all-parliamentary-devices-over-cyber-security-fears-12840887,"Mar 23, 2023 ... TikTok will be blocked from parliament's devices and network - though ... Sky News: Breaking, UK & World. Sky UK Limited. FREE - In Google Play."
pNetwork Tok,PNT,"Tokenplace TOK Price, Live Charts, and News in United States",https://www.coinbase.com/price/tokenplace,"TOK is the native token of the Tokenplace network. TOK token is an ERC-20 standard token and offers various benefits to its holders, such as a lower¬†..."
pNetwork Tok,PNT,Current Weather - The Weather Network,https://www.theweathernetwork.com/en/city/us/alaska/tok/current,"Get Tok, AK. current weather report with temperature, feels like, wind ... News. Read more news."
Uquid Coin,UQC,"Uquid Coin price today, UQC to USD live price, marketcap and chart ...",https://coinmarketcap.com/currencies/uquid-coin/,"Uquid Coin is down 3.64% in the last 24 hours. The current CoinMarketCap ranking is #411, with a live market cap of $82,393,069 USD. It¬†..."
Uquid Coin,UQC,UQUID (@uquidcard) / X,https://twitter.com/uquidcard?lang=en,Uquid shopping cart: Online shopping with crypto currencies ... Exciting news for our #Binance Pay users! Join this exclusive¬†...
Uquid Coin,UQC,Uquid Coin Price: UQC Live Price Chart & News | CoinGecko,https://www.coingecko.com/en/coins/uquid-coin,"Results 1 - 10 of 17 ... Track the latest Uquid Coin price, market cap, trading volume, news and more with CoinGecko's live UQC price¬†..."
PancakeSwap ,Cake,PancakeSwap: Home,https://pancakeswap.finance/,"2024-02-07. January 2024: PancakeSwap's CAKE Burn. Featured. News. From [Cointelegraph]. Dec 27, 2023. PancakeSwap seeks 300M CAKE token supply revamp."
PancakeSwap ,Cake,PancakeSwap Everyone's Favorite DEX (@PancakeSwap) / X,https://twitter.com/pancakeswap?lang=en,and PancakeSwap's Ambassador. @Smallro_man. to discuss the market trends and PancakeSwap's news Jump in here https://discord.com/invite/pancakeswap‚Ä¶
PancakeSwap ,Cake,"PancakeSwap (CAKE) Price Today, News & Live Chart | Forbes ...",https://www.forbes.com/digital-assets/assets/pancakeswap-cake/,Learn what PancakeSwap (CAKE) cryptocurrency is and today's market price. Confidently invest in cryptocurrency with current and historical PancakeSwap¬†...
Meta,MTA,Newsroom | Meta,https://about.fb.com/news/,"View the latest news, announcements and media resources from Meta."
Meta,MTA,"Meta Platforms, Inc. (META) Stock Price, News, Quote & History ...",https://finance.yahoo.com/quote/META/,"Find the latest Meta Platforms, Inc. (META) stock quote, history, news and other vital information to help you with your stock trading and investing."
Meta,MTA,"META: Meta Platforms Inc - Stock Price, Quote and News - CNBC",https://www.cnbc.com/quotes/META,"Get Meta Platforms Inc (META:NASDAQ) real-time stock quotes, news, price and financial information from CNBC."
Block-Chain.,BC,"Latest News on AI, Crypto and Blockchain - Blockchain.News",https://blockchain.news/,SEC Gains Upper Hand: Ripple Ordered to Disclose XRP Sales Data ¬∑ British Columbia Court Upholds Government's Temporary Ban on Cryptocurrency Mining Electricity¬†...
Block-Chain.,BC,Blockchain Industry News by Cointelegraph,https://cointelegraph.com/tags/blockchain,"Blockchain News ¬∑ DeFi compliance in 2024, and new SEC rules set to be challenged: Finance Redefined ¬∑ Governance poses threat to 75% of top tokens ‚Äî Report."
Block-Chain.,BC,The Block | Latest Blockchain & Cryptocurrency News,https://www.blockchaintechnology-news.com/,"HSBC offers tokenised gold, trials tokenised deposits with Ant blockchain ¬∑ HSBC. A couple of updates from HSBC have hit the wires: the bank has moved to¬†..."
Frontier Tok,FRONT,The new frontier in the US war on TikTok: university campuses | US ...,https://www.theguardian.com/us-news/2023/jan/20/us-tiktok-bans-university-campuses,"Jan 20, 2023 ... Experts say banning the app over college networks will not stop students from accessing it over cellular data."
Frontier Tok,FRONT,Government Hasn't Justified a TikTok Ban | Electronic Frontier ...,https://www.eff.org/deeplinks/2023/03/government-hasnt-justified-tiktok-ban,"Mar 16, 2023 ... According to Pew, 67% of U.S. teenagers use Tiktok, and 10% of U.S. adults regularly get news there. Many users choose TikTok over its¬†..."
Frontier Tok,FRONT,Passenger 'voted' off of Trenton-Atlanta Frontier Airlines flight after ...,https://6abc.com/airplane-fight-frontier-airlines-trenton-to-atlanta-tiktok-video-passenger-voted-off/13209140/,"May 3, 2023 ... A TikTok user captured the fight between a couple, a flight attendant ... Related Topics. TRAVEL ¬∑ MERCER COUNTY ¬∑ NEW JERSEY ¬∑ AIRPORT NEWS ¬∑ AIR¬†..."
Jomon Shiba,JSHIBA,"Jomon Shiba price today, JSHIBA to USD live price, marketcap and ...",https://coinmarketcap.com/currencies/jomon-shiba/,About Jomon Shiba ... Jshiba INU is the latest sibling of the INU dog family ready to make its way in the world after being abandoned by¬†...
Jomon Shiba,JSHIBA,J≈çmon $Shiba (@jshibatoken) / X,https://twitter.com/jshibatoken?lang=en,J≈çmon $Shiba's posts ; JSHIBA Listed on CMC and you can BUY via Uniswap with any wallet which supports ERC-20 Buy JSHIBA Token here:¬†...
Jomon Shiba,JSHIBA,"Jomon Shiba JSHIBA Price, Live Charts, and News in United States",https://www.coinbase.com/price/jomon-shiba,"Get the latest price, news, live charts, and market trends about Jomon Shiba. The current price of Jomon Shiba in United States is¬†..."
Jigstack,STAK,Jigstack DAO (@jigstack) / X,https://twitter.com/jigstack?lang=en,... jigstack || Discord: http://discord.gg/jigstack $stak. DeFi jigstack.org ... Exciting News! We're thrilled to announce the official launch of jWallet¬†...
Jigstack,STAK,Jigstack Price: STAK Live Price Chart & News | CoinGecko,https://www.coingecko.com/en/coins/jigstack,"Track the latest Jigstack price, market cap, trading volume, news and more with CoinGecko's live STAK price chart and popular cryptocurrency price tracker."
Jigstack,STAK,"Jigstack STAK Price, Live Charts, and News in United States",https://www.coinbase.com/price/jigstack,"May 15, 2021 ... Get the latest price, news, live charts, and market trends about Jigstack. The current price of Jigstack in United States is $0.000039 per¬†..."
Curve.fi DAI,3Crv,Curve.fi,https://curve.fi/,"Integrations ¬∑ Donate ¬∑ Developer Docs ¬∑ News ¬∑ Resources ¬∑ Github. Total Deposits $2,062,152,271. Daily Volume $130,630,624. Crypto Volume Share 13.04%. Llama."
Curve.fi DAI,3Crv,Chainlink Oracles x Curve Pool Tokens,https://news.curve.fi/chainlink-oracles-and-curve-pools/,"Nov 27, 2020 ... ... DAI, USDT and USDC. As such, you would start using the DAI/ETH, USDT/ETH and USDC/ETH Price Feeds from ... Curve.fi News ¬© 2024. Powered by Ghost."
Curve.fi DAI,3Crv,Curve.fi,https://optimism.curve.fi/,"Curve is an exchange liquidity pool on Ethereum designed for: extremely efficient stablecoin trading, low risk, supplemental fee income for liquidity¬†..."
Polkaswap,PSWAP,Polkaswap | Trade with Style and Freedom (@polkaswap) / X,https://twitter.com/polkaswap?lang=en,... on Demeter Farming Platform! Provide XOR/DOT and get $DEO as a reward! ‚Äç http://farming.deotoken.io. Image. Polkadot News and 8 others. 3. 60. 116.
Polkaswap,PSWAP,Polkaswap,https://www.reddit.com/r/Polkaswap/,r/Polkaswap: Polkaswap is a liquidity aggregator cross chain AMM DEX designed uniquely for the Polkadot ecosystem and hosted on the SORA 2.0 network‚Ä¶
Polkaswap,PSWAP,Polkaswap ‚Äî The DEX for the Interoperable Future.,https://polkaswap.io/,"Cross-chain exchange of assets, simple creation and listing of new assets, and the easiest swaps ever. The interoperable future of Polkadot is here and we¬†..."
Convergence,CONV,News & Events | Convergence,https://www.convergence.finance/news-and-events,"Stay up to date with the latest blended finance news and events, also read about what's going on in the world through a blended finance lens in our blog."
Convergence,CONV,"Convergence ‚Äì News, Research and Analysis ‚Äì The Conversation ...",https://theconversation.com/topics/convergence-1786,"Media convergence review is light on detail ‚Äì and on regulation ... The Federal Government's Convergence Review has released its interim report, recommending the¬†..."
Convergence,CONV,Convergence: News Production in a Digital Age,https://www.jstor.org/stable/25046061,qualities of content created by media workers. Keywords: convergence; news media; newsroom; journalism; sociology of media; local news. A¬†...
Unibot,UNIBOT,Unibot (@TeamUnibot) / X,https://twitter.com/teamunibot?lang=en,"Unibot is coming to Solana with a dedicated bot designed with the user in mind and tailor-made for Solana's high speed on-chain trading, leveraging key¬†..."
Unibot,UNIBOT,Unibot contract $560K exploit crashes token price by more than 40%,https://cointelegraph.com/news/unibot-contract-560-k-exploit-crashes-token-price-40,"Oct 31, 2023 ... ... Unibot contract $560K exploit crashes token price by more than 40%. News. Collect article. Own this piece of history as an NFT. Join us on¬†..."
Unibot,UNIBOT,"Unibot (UNIBOT) Price Today, News & Live Chart | Forbes Crypto ...",https://www.forbes.com/digital-assets/assets/unibot-unibot/,View Unibot (UNIBOT) cryptocurrency prices and market charts. Stay informed on how much Unibot is worth and evaluate current and historical price¬†...
OCC,OCC,News Releases | OCC,https://www.occ.gov/news-events/newsroom/news-issuances-by-year/news-releases/index-news-releases.html,News Releases ¬∑ 2024 ¬∑ 2023 ¬∑ 2022 ¬∑ 2021 ¬∑ 2020 ¬∑ 2019 ¬∑ 2018 ¬∑ 2017 ¬∑ 2016 ¬∑ 2015 ¬∑ 2014 ¬∑ 2013 ¬∑ 2012 ¬∑ 2011 ¬∑ 2010 ¬∑ 2009¬†...
OCC,OCC,Newsroom | OCC,https://www.occ.treas.gov/news-events/newsroom/?nr=Alert,Explore OCC news releases and issuances on a wide variety of banking-related topics.
OCC,OCC,News & Events | OCC,https://www.occ.gov/news-events/index-news-events.html,"News & Alerts ¬∑ News Release; Feb 06, 2024. Federal Bank Regulatory Agencies Seek Comment on Interagency Effort to Reduce Regulatory Burden ¬∑ News Release; Feb¬†..."
Polkamarkets,POLK,"Polkamarkets (POLK) Price Today, News & Live Chart | Forbes ...",https://www.forbes.com/digital-assets/assets/polkamarkets-polk/,View Polkamarkets (POLK) cryptocurrency prices and market charts. Stay informed on how much Polkamarkets is worth and evaluate current and historical price¬†...
Polkamarkets,POLK,Polkamarkets Labs (@polkamarkets) / X,https://twitter.com/polkamarkets?lang=en,"Polkamarkets Labs ¬∑ @polkamarkets. ¬∑. Jan 25. Big News! We're teaming up with. @observadorpt. to introduce ""Previs√≥metro"" - a dynamic collaboration where¬†..."
Polkamarkets,POLK,Polkamarkets - Web3 Prediction Markets for everyone,https://www.polkamarkets.com/,Latest News from Polkamarkets Labs. Stay up to date with our latests ... Polkamarkets Services and POLK Token (POLK) are not available in Excluded Jurisdictions.
STAKE,STAKE,Stake News (@stakenewsindia) ‚Ä¢ Instagram photos and videos,https://www.instagram.com/stakenewsindia/?hl=en,"5767 Followers, 53 Following, 457 Posts - See Instagram photos and videos from Stake News (@stakenewsindia)"
STAKE,STAKE,Stake News & Blog - Latest Sports & Casino News on Stake,https://stake.com/blog,"Learn about the latest in sports, betting tips, new casino games & announcements on the Stake.com Blog. Get all the latest Stake News all in one place!"
STAKE,STAKE,"Stake News - Latest Sports News, Fixtures and Results",https://stakenews.in/,"Featuring all the latest news, fixtures, results and more. Stake News is the principal partner for Mumbai City F.C. in the Indian Super League (ISL)."
xunii.financ,XUNII,"Xunii Finance price now, Live XUNII price, marketcap, chart, and info ...",https://www.coincarp.com/currencies/xuniifinance/,"Get the latest Xunii Finance (XUNII) USD price, teams, history, news, richest address, wallets and more to help you with your crypto trading and investing."
xunii.financ,XUNII,Division of Environmental Quality (DEQ),https://www.adeq.state.ar.us/,"DEQ protects the air, water and land from the threat of pollution. We strive for environmental quality through programs of regulation, education and¬†..."
xunii.financ,XUNII,Best- and worst-performing fixed-income funds - InvestmentNews,https://www.investmentnews.com/investing/news/best-and-worst-performing-fixed-income-funds-2-76291,"News ¬∑ Investing. Best- and worst-performing fixed-income funds. By category, ranked by one-year total returns. October 20, 2018; By John Goff; John Goff."
X,X,X on the App Store,https://apps.apple.com/us/app/x/id333903271,"Feb 1, 2024 ... X Corp. Size: 253.8 MB. Category: News. Compatibility. iPhone: Requires iOS 15.0 or later¬†..."
X,X,X News Daily (@xDaily) / X,https://twitter.com/xDaily,"Your #1 News source on everything X + https://t.co/rn58CVV9pw | Hit Follow and sign up for notifications! | Contributors: @HXMnCK, @512x512¬†..."
X,X,X-37B orbital test vehicle concludes sixth successful mission ...,https://www.spaceforce.mil/News/Article/3217077/x-37b-orbital-test-vehicle-concludes-sixth-successful-mission/,"Nov 12, 2022 ... The sixth mission conducted on-orbit experiments for 908 days. Space Force News ¬∑ Photo Details / Download Hi-Res."
Centaure Tok,CEN,"Pumpkins, the ‚Äúcentaur‚Äù of attention | University of Hawai ªi System ...",https://www.hawaii.edu/news/2019/10/22/pumpkins-the-centaur-of-attention/,"Oct 22, 2019 ... Pumpkins, the 'centaur' of attention. UH News ¬ª Community ¬ª Pumpkins, the 'centaur' of‚Ä¶ ... Students who took part in the 2019 Pumpkin Esquisse."
Centaure Tok,CEN,Krewe of Centaur | Shreveport LA,https://www.facebook.com/KreweOfCentaur/,Krewe of Centaur. 7.5K likes. Û±ûã. 9.3K followers. Tag us all season long ... Thank you KSLA News 12 and KTAL 6/Fox for coming out. May be an image of 2¬†...
Centaure Tok,CEN,Centaur - Bessemer Venture Partners,https://www.bvp.com/centaur,News ¬∑ Wish I Knew ¬∑ Cloud 100. Products; ChatBVP ¬∑ Cloud Index ¬∑ Subscribe ¬∑ Jobs ... Portfolio Jobs ¬∑ Twitter ¬∑ LinkedIn ¬∑ Instagram ¬∑ YouTube ¬∑ TikTok¬†...
PLANET,PLANET,Planet News: 1961-1967 | City Lights Booksellers & Publishers,https://citylights.com/pocket-poets-series/planet-news-pp-23/,Planet News: 1961-1967 ¬∑ Howl and Other Poems. Allen Ginsberg Price: $7.95 $5.57 Add to cart ¬∑ Trip Trap. Jack Kerouac Price: $13.95 $9.77 Add to cart ¬∑ Howl¬†...
PLANET,PLANET,Planet News: 1961-1967 (City Lights Pocket Poets Series): Ginsberg ...,https://www.amazon.com/Planet-News-1961-1967-Lights-Pocket/dp/0872860205,"Planet News: 1961-1967 (City Lights Pocket Poets Series) [Ginsberg, Allen] on Amazon.com. *FREE* shipping on qualifying offers. Planet News: 1961-1967 (City¬†..."
PLANET,PLANET,Planet News: Homepage,https://www.planetnews.info/,Planet News ¬∑ 10 of the most spectacular acting performances of the 21st century ¬∑ Horror thriller ‚ÄúPlatform‚Äù ‚Äì a thought-provoking story that lays bare¬†...
Tellor Tribu,TRB,The BonqDAO Hack Explained - Hacken,https://hacken.io/insights/bonqdao-hack/,"Feb 3, 2023 ... ... Tellor Oracle. @hackenhacker, an on-chain analyst and researcher, indicated that Bonq Protocol was exposed to an oracle hack, where the¬†..."
Tellor Tribu,TRB,Tellor (TRB) Kurs Prognose 2024-2030: Wird der TRB Preis bald ...,https://coinedition.com/de/tellor-trb-preisprognose-2023-2030-wird-der-trb-preis-bald-65-erreichen/,"Jan 3, 2024 ... Coin Edition is an independent digital media company that focuses on news from the blockchain and crypto space."
Tellor Tribu,TRB,Crypto-p√©pite - Tellor : un nouvel oracle pour la DeFi (Finance ...,https://cryptoast.fr/crypto-pepite-tellor-oracle-defi/,"Jun 5, 2020 ... ... news et articles. Actualit√©s des crypto monnaies, bitcoin, ethereum... Actualit√©s. Toutes nos news par cat√©gories. Formation crypto, des guides¬†..."
Frax,FRAX,Frax Finance ¬§‚õìÔ∏è¬§ (@fraxfinance) / X,https://twitter.com/fraxfinance?lang=en,It's time for the Fraxtal launch thread! The most important & consequential release since the dawn of Frax itself in 2020. Fraxtal testnet & mainnet are¬†...
Frax,FRAX,What is a FRAX? And other pressing questions,https://www.ft.com/content/f172ce7f-f545-4cfe-ae20-21e6409d8a69,"Dec 12, 2023 ... News. Securities. See all quotes matching undefined. Search Close ... FRAX is primarily backed by collateral on the blockchain (on-chain) using¬†..."
Frax,FRAX,Frax Finance,https://frax.finance/,The world's most innovative decentralized stablecoins and DeFi stablecoin infrastructure.
YAM,YAM,NBC News Author Kimmy Yam,https://www.nbcnews.com/author/kimmy-yam-ncpn1063966,Kimmy Yam is a reporter for NBC Asian America. Latest from Kimmy Yam¬†...
YAM,YAM,Ultimele ≈ütiri din Moldova - News.yam.md,https://news.yam.md/,"»òtiri din sute de surse actualizate non-stop. Politic, economic, social si sport."
YAM,YAM,Dr. Yam in the News | Notre Dame of Maryland University,http://www.ndm.edu/about-us/office-president/about-dr-yam/news,Marylou Yam named Notre Dame of Maryland President. Notre Dame of Maryland University announced Thursday that a New Jersey liberal arts college provost known¬†...
Level01 Toke,LVX,"Level01 price today, LVX to USD live price, marketcap and chart ...",https://coinmarketcap.com/currencies/level01/,Supported wallets. UCID. 5094. Tags. Decentralized Exchange (DEX) Token. CommunityCommunity. NewsNews. AboutAbout. Level01 community. skeleton-white. Level01¬†...
Level01 Toke,LVX,[Gamers Nexus] We're Fixing this Anti-Consumer Nightmare ...,https://www.reddit.com/r/hardware/comments/145ccad/gamers_nexus_were_fixing_this_anticonsumer/,"Jun 9, 2023 ... [Gamers Nexus] We're Fixing this Anti-Consumer Nightmare | OpenPleb Sensors & RGB, ft. Wendell from Level1 Techs. News."
Level01 Toke,LVX,Level01 On Why DeFi Is Here To Stay,https://www.webull.com/news/23979955,"Aug 28, 2020 ... For Level01, their LVX token caters to a gigantic derivatives market worth $542 trillion yearly, but without the overt control of any one party."
RevolutionPo,RVP,Daughters of the American Revolution,https://www.dar.org/,The Daughters of the American Revolution is an organization with a deeply rich history while also being truly relevant in today's world.
RevolutionPo,RVP,Our Revolution: HOME,https://ourrevolution.com/,We are America's largest grassroots-funded progressive political organizing group. Bernie Sanders launched Our Revolution to empower each of us to stand up to¬†...
RevolutionPo,RVP,Lineage2 Revolution on the App Store,https://apps.apple.com/sg/app/lineage2-revolution/id1200727466,"A revolution of mobile games, Lineage 2: Revolution. ‚ñ° Happy Lunar New Year ... Please check the latest news at the link below. REVOLUTION NEWS. http://forum¬†..."
Wrapped liqu,wstETH,Liquid Bitcoin Versus Wrapped Bitcoin: A Comparative Analysis ...,https://bitcoinmagazine.com/guides/liquid-vs-wrapped-bitcoin,"Jun 19, 2023 ... Bitcoin Magazine - Bitcoin News, Articles and Expert Insights home ... Liquid-Bitcoin (L-BTC) on Blockstream's Liquid sidechain and wrapped¬†..."
Wrapped liqu,wstETH,New way to wrap liquid drops could improve drug delivery ...,https://uwaterloo.ca/news/news/new-way-wrap-liquid-drops-could-improve-drug-delivery-0,"Waterloo News ¬∑ Media University of Waterloo sign. October 22, 2019. New way to wrap liquid drops could improve ... A paper on their work, Encapsulation¬†..."
Wrapped liqu,wstETH,The University of Sussex scientists advancing liquid electronics ...,https://www.sussex.ac.uk/broadcast/read/57373,"Feb 15, 2022 ... In their research paper published in ACS Nano, the Sussex scientists have built on their previous work to wrap emulsion droplets with graphene¬†..."
ARC,ARC,ArcNews | News for GIS Users,https://www.esri.com/about/newsroom/arcnews/,"ArcNews provides all that's new, exciting, beneficial, and unique about GIS directly from users. Learn how organizations worldwide are using GIS."
ARC,ARC,News | Star Trek Online | Arc Games,https://www.arcgames.com/en/games/star-trek-online/news,"Explore strange new worlds, seek out new life and new civilizations, and boldly go in this expanding vast universe."
ARC,ARC,News - SCI-Arc,https://www.sciarc.edu/news,"SCI-Arc is a world-renowned center of innovation and one of the nation's few independent architecture schools, offering undergraduate, graduate,¬†..."
ethersmart,ETM,"EtherSmart price today, ETM to USD live price, marketcap and chart ...",https://coinmarketcap.com/currencies/ethersmart/,EtherSmart price. ETM ¬∑ EtherSmart community ¬∑ EtherSmart news ¬∑ About EtherSmart ¬∑ Privacy Preference Center.
ethersmart,ETM,"Prezzo, grafici in tempo reale e notizie su EtherSmart ETM in Stati Uniti",https://www.coinbase.com/it/price/ethersmart,"The week's biggest crypto news, sent right to your inbox. Subscribe now. Learn how we collect your information by visiting our Privacy Policy. Il prezzo di¬†..."
ethersmart,ETM,Convert 1000 ETM to USD (EtherSmart to US Dollar) - BeInCrypto,https://beincrypto.com/convert/ethersmart-to-usd?amount=1000,... ETM to USD Calculator - How much US Dollar (USD) is 1000 EtherSmart (ETM) ... NewsCryptocurrenciesExchangesLearnWeb3 Marketing. Resources. AdvertiseRemote¬†...
Bounce Token,Auctio,Bounce Brand (@bounce_finance) / X,https://twitter.com/bounce_finance?lang=en,"This week's Bounce Newsletter is out, focusing entirely on the most important Bounce news ... token PoS mechanism, with a CeFi foundation secured by."
Bounce Token,Auctio,"Bounce Token price today, AUCTION to USD live price, marketcap ...",https://coinmarketcap.com/currencies/bounce-token/,... you take certain actions such as signing up and transacting with these affiliate platforms. Please refer to Affiliate Disclosure. Bounce Token news¬†...
Bounce Token,Auctio,"Bounce Token AUCTION Price, Live Charts, and News in United ...",https://www.coinbase.com/price/bounce-token,"Bounce Token, also known as AUCTION, is a decentralized auction platform that leverages blockchain technology to enhance the auctioning, bidding, and buying¬†..."
SafeEarth,SAFEEA,Earth is outside its 'safe operating space for humanity' on most key ...,https://apnews.com/article/earth-climate-change-biodiversity-environment-pollution-c8582c3ae0344b5a88cc38cd8e725702,"Sep 13, 2023 ... The Associated Press is an independent global news organization dedicated to factual reporting. Founded in 1846, AP today remains the most¬†..."
SafeEarth,SAFEEA,A just world on a safe planet: First study quantifying Earth System ...,https://earthcommission.org/news/publications/just-world-safe-planet/,"May 31, 2023 ... Safe and Just (global): 0.15 annual mean interhemispheric AOD difference (safe) ... News ‚Äì 19/01/2024. Securing Nature's Contributions to‚Ä¶ View of¬†..."
SafeEarth,SAFEEA,"SafeEarth SAFEEARTH Price, Live Charts, and News in United States",https://www.coinbase.com/price/safeearth,"Get the latest price, news, live charts, and market trends about SafeEarth. The current price of SafeEarth in United States is $NaN per (SAFEEARTH / USD)"
Banana,BANANA,The Savannah Bananas,https://thesavannahbananas.com/,"BE FIRST TO KNOW. Sign up to receive the most up to date Banana's news, events, and information."
Banana,BANANA,"Bananas: Benefits, Nutrition, and Risks",https://www.health.com/bananas-8413931,"Jan 10, 2024 ... The banana, scientifically known as Musa acuminata, is a versatile and delicious fruit packed with numerous health benefits."
Banana,BANANA,Diplomatic tensions between Ecuador and Russia threaten banana ...,https://apnews.com/article/ecuador-russia-bananas-military-exports-diplomacy-1c8f21060450b22411af7b6c05e173a3,"5 days ago ... ... banana exports. (AP Photo/Dolores Ochoa, File) ... Founded in 1846, AP today remains the most trusted source of fast, accurate, unbiased news¬†..."
Launchpool t,LPOOL,Introducing Pixels (PIXEL) on Binance Launchpool! Farm PIXEL by ...,https://www.binance.com/en/support/announcement/introducing-pixels-pixel-on-binance-launchpool-farm-pixel-by-staking-bnb-and-fdusd-c055fa89dda84402b7b662f13b80fffe,"2 days ago ... Fellow Binancians, Binance is excited to announce the 46th project on Binance Launchpool - Pixels (PIXEL) , a social web3 game built on the¬†..."
Launchpool t,LPOOL,Binance Unveils Fusionist (ACE) as 40th Launchpool Project,https://www.bsc.news/post/binance-unveils-fusionist-ace-as-40th-launchpool-project,"Dec 11, 2023 ... Don't forget to download the BSC News mobile application on iOS and Android to keep up with all the latest news for BNB Chain and crypto."
Launchpool t,LPOOL,Launchpool ($LPOOL) (@LaunchPoolXYZ) / X,https://twitter.com/launchpoolxyz?lang=en,"Jan 16. Big news! Mintlayer is launching its #Mainnet on Jan 29, 2024! This ... t afraid to challenge the status quo. Drop us a comment or a DM, and our¬†..."
EverMoon,EVERMO,EverMoon (@EverMoonERC) / X,https://twitter.com/EverMoonERC,Unique tokenomics. Empowering community. Historical vision. Let's make history. #EVERMOON.
EverMoon,EVERMO,"EverMoon EVERMOON Price, Live Charts, and News in United States",https://www.coinbase.com/price/evermoon-token,"Get the latest price, news, live charts, and market trends about EverMoon. The current price of EverMoon in United States is $0.000716 per (EVERMOON / USD)"
EverMoon,EVERMO,"EverMoon USD (EVERMOON-USD) Price, Value, News & History ...",https://finance.yahoo.com/quote/EVERMOON-USD/,"Find the latest EverMoon USD (EVERMOON-USD) price quote, history, news and other vital information to help you with your cryptocurrency trading and¬†..."
RAMP DEFI,RAMP,RAMP DEFI | Unlock Liquid Capital From Staked Assets,https://rampdefi.com/,RAMP DEFI is a multi-chain DeFi protocol that allows users to earn yields on their collateral asset deposits and extract liquidity to pursue new¬†...
RAMP DEFI,RAMP,SEC Ramp Up Means Increased Enforcement Coming to Crypto ...,https://www.akingump.com/en/insights/alerts/sec-ramp-up-means-increased-enforcement-coming-to-crypto-platforms-defi-exchanges-and-nfts,"May 6, 2022 ... SEC Ramp Up Means Increased Enforcement Coming to Crypto Platforms, DeFi Exchanges and NFTs ... news/press-release/2022-78?utm_medium¬†..."
RAMP DEFI,RAMP,Ramp | Web3 financial infrastructure | Buy & sell crypto,https://ramp.network/,Allow users to buy and sell crypto without leaving your app or wallet. Buy and sell crypto directly on our website.
Pendle,PENDLE,Pendle news from the Lancashire Telegraph,https://www.lancashiretelegraph.co.uk/news/pendle/,"Breaking news for Pendle from the borough's daily newspaper, the Lancashire Telegraph."
Pendle,PENDLE,Pendle Latest News | Burnley Express,https://www.burnleyexpress.net/topic/pendle,Pendle ¬∑ The Keirby Hotel being built in Burnley in 1958. Credit: Lancashire County Council. ¬∑ Pendle Rise shopping centre in Nelson. Big projects lined up for¬†...
Pendle,PENDLE,Pendle Today | Burnley,https://www.facebook.com/pendletoday/,"Pendle Today, Burnley, Lancashire. 6984 likes ¬∑ 1049 talking about this ¬∑ 10 were here. Daily news, sport and community news from across Pendle."
Flux,FLUX,"News & Events : Flux Power Holdings, Inc. (FLUX)",https://ir.fluxpower.com/news-events,News & Events ¬∑ Recent News View All News ¬∑ Flux Power Reports Fiscal Year 2024 Second Quarter Financial Results ¬∑ Flux Power to Participate in the Future of¬†...
Flux,FLUX,"Flux Power Holdings, Inc. (FLUX) Stock Price, News, Quote ...",https://finance.yahoo.com/quote/FLUX/,"Flux Power Holdings (NASDAQ:FLUX) adds US$8.4m to market cap in the past 7 days, though investors from three years ago are still down 71%. It is a pleasure to¬†..."
Flux,FLUX,Flux-Web3 Cloud (@RunOnFlux) / X,https://twitter.com/runonflux?lang=en,"Explore the latest from decentralized Flux Cloud! FluxCore, the innovative solution for AI compute challenges, is now live. Discover how Proof of Useful¬†..."
